{
	"graph": {
			"nodes":[
			{
				"id": "1"
			},
			{
				"id": "2"
			},
			{
				"id": "3"
			},
			{
				"id": "4"
			},
			{
				"id": "5"
			},
			{
				"id": "6"
			},
			{
				"id": "7"
			},
			{
				"id": "8"
			},
			{
				"id": "9"
			},
			{
				"id": "10"
			},
			{
				"id": "11"
			},
			{
				"id": "12"
			},
			{
				"id": "13"
			},
			{
				"id": "14"
			},
			{
				"id": "15"
			},
			{
				"id": "16"
			},
			{
				"id": "17"
			},
			{
				"id": "18"
			},
			{
				"id": "19"
			},
			{
				"id": "20"
			},
			{
				"id": "21"
			},
			{
				"id": "22"
			},
			{
				"id": "23"
			},
			{
				"id": "24"
			},
			{
				"id": "25"
			},
			{
				"id": "26"
			},
			{
				"id": "27"
			},
			{
				"id": "28"
			},
			{
				"id": "29"
			},
			{
				"id": "30"
			},
			{
				"id": "31"
			},
			{
				"id": "32"
			},
			{
				"id": "33"
			},
			{
				"id": "34"
			},
			{
				"id": "35"
			},
			{
				"id": "36"
			},
			{
				"id": "37"
			},
			{
				"id": "38"
			},
			{
				"id": "39"
			},
			{
				"id": "40"
			},
			{
				"id": "41"
			},
			{
				"id": "42"
			},
			{
				"id": "43"
			},
			{
				"id": "44"
			},
			{
				"id": "45"
			},
			{
				"id": "46"
			},
			{
				"id": "47"
			},
			{
				"id": "48"
			},
			{
				"id": "49"
			},
			{
				"id": "50"
			},
			{
				"id": "51"
			},
			{
				"id": "52"
			},
			{
				"id": "53"
			},
			{
				"id": "54"
			},
			{
				"id": "55"
			},
			{
				"id": "56"
			},
			{
				"id": "57"
			},
			{
				"id": "58"
			},
			{
				"id": "59"
			},
			{
				"id": "60"
			},
			{
				"id": "61"
			},
			{
				"id": "62"
			},
			{
				"id": "63"
			},
			{
				"id": "64"
			},
			{
				"id": "65"
			},
			{
				"id": "66"
			},
			{
				"id": "67"
			},
			{
				"id": "68"
			},
			{
				"id": "69"
			},
			{
				"id": "70"
			},
			{
				"id": "71"
			},
			{
				"id": "72"
			},
			{
				"id": "73"
			},
			{
				"id": "74"
			},
			{
				"id": "75"
			},
			{
				"id": "76"
			},
			{
				"id": "77"
			},
			{
				"id": "78"
			},
			{
				"id": "79"
			},
			{
				"id": "80"
			},
			{
				"id": "81"
			},
			{
				"id": "82"
			},
			{
				"id": "83"
			},
			{
				"id": "84"
			},
			{
				"id": "85"
			},
			{
				"id": "86"
			},
			{
				"id": "87"
			},
			{
				"id": "88"
			},
			{
				"id": "89"
			},
			{
				"id": "90"
			},
			{
				"id": "91"
			},
			{
				"id": "92"
			},
			{
				"id": "93"
			},
			{
				"id": "94"
			},
			{
				"id": "95"
			},
			{
				"id": "96"
			},
			{
				"id": "97"
			},
			{
				"id": "98"
			},
			{
				"id": "99"
			},
			{
				"id": "100"
			}
		],
			"edges":[
			{
				"source": "1",
				"target": "57",
				"weight": "5"
			},
			{
				"source": "1",
				"target": "42",
				"weight": "9"
			},
			{
				"source": "1",
				"target": "3",
				"weight": "2"
			},
			{
				"source": "2",
				"target": "76",
				"weight": "7"
			},
			{
				"source": "2",
				"target": "4",
				"weight": "6"
			},
			{
				"source": "2",
				"target": "45",
				"weight": "7"
			},
			{
				"source": "3",
				"target": "43",
				"weight": "3"
			},
			{
				"source": "3",
				"target": "49",
				"weight": "4"
			},
			{
				"source": "3",
				"target": "20",
				"weight": "4"
			},
			{
				"source": "4",
				"target": "26",
				"weight": "9"
			},
			{
				"source": "4",
				"target": "37",
				"weight": "4"
			},
			{
				"source": "5",
				"target": "77",
				"weight": "4"
			},
			{
				"source": "5",
				"target": "48",
				"weight": "7"
			},
			{
				"source": "6",
				"target": "23",
				"weight": "4"
			},
			{
				"source": "6",
				"target": "93",
				"weight": "7"
			},
			{
				"source": "6",
				"target": "29",
				"weight": "7"
			},
			{
				"source": "7",
				"target": "7",
				"weight": "9"
			},
			{
				"source": "7",
				"target": "41",
				"weight": "3"
			},
			{
				"source": "8",
				"target": "41",
				"weight": "8"
			},
			{
				"source": "8",
				"target": "96",
				"weight": "4"
			},
			{
				"source": "9",
				"target": "74",
				"weight": "10"
			},
			{
				"source": "9",
				"target": "18",
				"weight": "7"
			},
			{
				"source": "10",
				"target": "63",
				"weight": "6"
			},
			{
				"source": "10",
				"target": "94",
				"weight": "2"
			},
			{
				"source": "11",
				"target": "86",
				"weight": "1"
			},
			{
				"source": "11",
				"target": "57",
				"weight": "9"
			},
			{
				"source": "11",
				"target": "35",
				"weight": "8"
			},
			{
				"source": "12",
				"target": "3",
				"weight": "1"
			},
			{
				"source": "12",
				"target": "45",
				"weight": "5"
			},
			{
				"source": "13",
				"target": "97",
				"weight": "6"
			},
			{
				"source": "13",
				"target": "96",
				"weight": "4"
			},
			{
				"source": "14",
				"target": "73",
				"weight": "8"
			},
			{
				"source": "14",
				"target": "58",
				"weight": "7"
			},
			{
				"source": "14",
				"target": "61",
				"weight": "3"
			},
			{
				"source": "15",
				"target": "51",
				"weight": "10"
			},
			{
				"source": "15",
				"target": "4",
				"weight": "6"
			},
			{
				"source": "15",
				"target": "84",
				"weight": "6"
			},
			{
				"source": "16",
				"target": "12",
				"weight": "7"
			},
			{
				"source": "16",
				"target": "57",
				"weight": "8"
			},
			{
				"source": "16",
				"target": "39",
				"weight": "9"
			},
			{
				"source": "17",
				"target": "43",
				"weight": "8"
			},
			{
				"source": "17",
				"target": "87",
				"weight": "3"
			},
			{
				"source": "18",
				"target": "20",
				"weight": "2"
			},
			{
				"source": "18",
				"target": "27",
				"weight": "5"
			},
			{
				"source": "19",
				"target": "23",
				"weight": "4"
			},
			{
				"source": "19",
				"target": "64",
				"weight": "3"
			},
			{
				"source": "20",
				"target": "12",
				"weight": "6"
			},
			{
				"source": "20",
				"target": "56",
				"weight": "10"
			},
			{
				"source": "21",
				"target": "67",
				"weight": "10"
			},
			{
				"source": "21",
				"target": "9",
				"weight": "9"
			},
			{
				"source": "21",
				"target": "56",
				"weight": "2"
			},
			{
				"source": "22",
				"target": "54",
				"weight": "10"
			},
			{
				"source": "22",
				"target": "12",
				"weight": "10"
			},
			{
				"source": "22",
				"target": "4",
				"weight": "6"
			},
			{
				"source": "23",
				"target": "43",
				"weight": "8"
			},
			{
				"source": "23",
				"target": "10",
				"weight": "6"
			},
			{
				"source": "24",
				"target": "54",
				"weight": "6"
			},
			{
				"source": "24",
				"target": "15",
				"weight": "1"
			},
			{
				"source": "25",
				"target": "87",
				"weight": "4"
			},
			{
				"source": "25",
				"target": "32",
				"weight": "2"
			},
			{
				"source": "25",
				"target": "46",
				"weight": "10"
			},
			{
				"source": "26",
				"target": "66",
				"weight": "6"
			},
			{
				"source": "26",
				"target": "58",
				"weight": "2"
			},
			{
				"source": "27",
				"target": "31",
				"weight": "6"
			},
			{
				"source": "27",
				"target": "5",
				"weight": "8"
			},
			{
				"source": "28",
				"target": "42",
				"weight": "1"
			},
			{
				"source": "28",
				"target": "51",
				"weight": "8"
			},
			{
				"source": "28",
				"target": "73",
				"weight": "3"
			},
			{
				"source": "29",
				"target": "83",
				"weight": "6"
			},
			{
				"source": "29",
				"target": "49",
				"weight": "7"
			},
			{
				"source": "29",
				"target": "42",
				"weight": "6"
			},
			{
				"source": "30",
				"target": "17",
				"weight": "4"
			},
			{
				"source": "30",
				"target": "59",
				"weight": "8"
			},
			{
				"source": "31",
				"target": "27",
				"weight": "6"
			},
			{
				"source": "31",
				"target": "23",
				"weight": "9"
			},
			{
				"source": "32",
				"target": "98",
				"weight": "10"
			},
			{
				"source": "32",
				"target": "90",
				"weight": "1"
			},
			{
				"source": "33",
				"target": "31",
				"weight": "1"
			},
			{
				"source": "33",
				"target": "33",
				"weight": "5"
			},
			{
				"source": "33",
				"target": "98",
				"weight": "2"
			},
			{
				"source": "34",
				"target": "2",
				"weight": "3"
			},
			{
				"source": "34",
				"target": "10",
				"weight": "4"
			},
			{
				"source": "34",
				"target": "58",
				"weight": "10"
			},
			{
				"source": "35",
				"target": "21",
				"weight": "3"
			},
			{
				"source": "35",
				"target": "18",
				"weight": "5"
			},
			{
				"source": "36",
				"target": "95",
				"weight": "4"
			},
			{
				"source": "36",
				"target": "57",
				"weight": "3"
			},
			{
				"source": "37",
				"target": "58",
				"weight": "8"
			},
			{
				"source": "37",
				"target": "40",
				"weight": "10"
			},
			{
				"source": "38",
				"target": "53",
				"weight": "1"
			},
			{
				"source": "38",
				"target": "91",
				"weight": "7"
			},
			{
				"source": "39",
				"target": "99",
				"weight": "7"
			},
			{
				"source": "39",
				"target": "34",
				"weight": "6"
			},
			{
				"source": "39",
				"target": "22",
				"weight": "5"
			},
			{
				"source": "40",
				"target": "53",
				"weight": "6"
			},
			{
				"source": "40",
				"target": "66",
				"weight": "4"
			},
			{
				"source": "41",
				"target": "10",
				"weight": "4"
			},
			{
				"source": "41",
				"target": "96",
				"weight": "6"
			},
			{
				"source": "42",
				"target": "2",
				"weight": "10"
			},
			{
				"source": "42",
				"target": "88",
				"weight": "2"
			},
			{
				"source": "42",
				"target": "32",
				"weight": "7"
			},
			{
				"source": "43",
				"target": "80",
				"weight": "9"
			},
			{
				"source": "43",
				"target": "5",
				"weight": "1"
			},
			{
				"source": "44",
				"target": "56",
				"weight": "9"
			},
			{
				"source": "44",
				"target": "11",
				"weight": "8"
			},
			{
				"source": "44",
				"target": "75",
				"weight": "3"
			},
			{
				"source": "45",
				"target": "18",
				"weight": "4"
			},
			{
				"source": "45",
				"target": "37",
				"weight": "10"
			},
			{
				"source": "46",
				"target": "24",
				"weight": "7"
			},
			{
				"source": "46",
				"target": "70",
				"weight": "8"
			},
			{
				"source": "47",
				"target": "48",
				"weight": "2"
			},
			{
				"source": "47",
				"target": "22",
				"weight": "7"
			},
			{
				"source": "48",
				"target": "26",
				"weight": "4"
			},
			{
				"source": "48",
				"target": "17",
				"weight": "5"
			},
			{
				"source": "48",
				"target": "19",
				"weight": "3"
			},
			{
				"source": "49",
				"target": "34",
				"weight": "8"
			},
			{
				"source": "49",
				"target": "55",
				"weight": "2"
			},
			{
				"source": "50",
				"target": "77",
				"weight": "8"
			},
			{
				"source": "50",
				"target": "81",
				"weight": "9"
			},
			{
				"source": "51",
				"target": "21",
				"weight": "2"
			},
			{
				"source": "51",
				"target": "39",
				"weight": "10"
			},
			{
				"source": "52",
				"target": "24",
				"weight": "9"
			},
			{
				"source": "52",
				"target": "30",
				"weight": "1"
			},
			{
				"source": "53",
				"target": "56",
				"weight": "4"
			},
			{
				"source": "53",
				"target": "65",
				"weight": "5"
			},
			{
				"source": "53",
				"target": "19",
				"weight": "6"
			},
			{
				"source": "54",
				"target": "34",
				"weight": "10"
			},
			{
				"source": "54",
				"target": "18",
				"weight": "10"
			},
			{
				"source": "55",
				"target": "21",
				"weight": "7"
			},
			{
				"source": "55",
				"target": "70",
				"weight": "5"
			},
			{
				"source": "56",
				"target": "8",
				"weight": "4"
			},
			{
				"source": "56",
				"target": "79",
				"weight": "8"
			},
			{
				"source": "57",
				"target": "56",
				"weight": "10"
			},
			{
				"source": "57",
				"target": "47",
				"weight": "6"
			},
			{
				"source": "57",
				"target": "19",
				"weight": "1"
			},
			{
				"source": "58",
				"target": "70",
				"weight": "1"
			},
			{
				"source": "58",
				"target": "33",
				"weight": "9"
			},
			{
				"source": "58",
				"target": "6",
				"weight": "10"
			},
			{
				"source": "59",
				"target": "66",
				"weight": "3"
			},
			{
				"source": "59",
				"target": "74",
				"weight": "10"
			},
			{
				"source": "60",
				"target": "49",
				"weight": "1"
			},
			{
				"source": "60",
				"target": "91",
				"weight": "1"
			},
			{
				"source": "60",
				"target": "67",
				"weight": "9"
			},
			{
				"source": "61",
				"target": "94",
				"weight": "5"
			},
			{
				"source": "61",
				"target": "82",
				"weight": "7"
			},
			{
				"source": "61",
				"target": "17",
				"weight": "1"
			},
			{
				"source": "62",
				"target": "12",
				"weight": "3"
			},
			{
				"source": "62",
				"target": "75",
				"weight": "2"
			},
			{
				"source": "63",
				"target": "28",
				"weight": "8"
			},
			{
				"source": "63",
				"target": "16",
				"weight": "1"
			},
			{
				"source": "63",
				"target": "33",
				"weight": "3"
			},
			{
				"source": "64",
				"target": "57",
				"weight": "5"
			},
			{
				"source": "64",
				"target": "25",
				"weight": "8"
			},
			{
				"source": "65",
				"target": "2",
				"weight": "1"
			},
			{
				"source": "65",
				"target": "78",
				"weight": "1"
			},
			{
				"source": "65",
				"target": "87",
				"weight": "3"
			},
			{
				"source": "66",
				"target": "46",
				"weight": "3"
			},
			{
				"source": "66",
				"target": "35",
				"weight": "6"
			},
			{
				"source": "67",
				"target": "98",
				"weight": "8"
			},
			{
				"source": "67",
				"target": "85",
				"weight": "10"
			},
			{
				"source": "67",
				"target": "40",
				"weight": "5"
			},
			{
				"source": "68",
				"target": "86",
				"weight": "6"
			},
			{
				"source": "68",
				"target": "60",
				"weight": "6"
			},
			{
				"source": "69",
				"target": "75",
				"weight": "7"
			},
			{
				"source": "69",
				"target": "11",
				"weight": "2"
			},
			{
				"source": "70",
				"target": "68",
				"weight": "2"
			},
			{
				"source": "70",
				"target": "81",
				"weight": "6"
			},
			{
				"source": "70",
				"target": "100",
				"weight": "10"
			},
			{
				"source": "71",
				"target": "34",
				"weight": "6"
			},
			{
				"source": "71",
				"target": "76",
				"weight": "6"
			},
			{
				"source": "72",
				"target": "97",
				"weight": "2"
			},
			{
				"source": "72",
				"target": "47",
				"weight": "1"
			},
			{
				"source": "73",
				"target": "56",
				"weight": "4"
			},
			{
				"source": "73",
				"target": "33",
				"weight": "4"
			},
			{
				"source": "73",
				"target": "11",
				"weight": "8"
			},
			{
				"source": "74",
				"target": "43",
				"weight": "3"
			},
			{
				"source": "74",
				"target": "21",
				"weight": "10"
			},
			{
				"source": "74",
				"target": "64",
				"weight": "2"
			},
			{
				"source": "75",
				"target": "74",
				"weight": "6"
			},
			{
				"source": "75",
				"target": "83",
				"weight": "9"
			},
			{
				"source": "76",
				"target": "67",
				"weight": "5"
			},
			{
				"source": "76",
				"target": "42",
				"weight": "2"
			},
			{
				"source": "76",
				"target": "6",
				"weight": "8"
			},
			{
				"source": "77",
				"target": "72",
				"weight": "5"
			},
			{
				"source": "77",
				"target": "13",
				"weight": "6"
			},
			{
				"source": "77",
				"target": "63",
				"weight": "5"
			},
			{
				"source": "78",
				"target": "33",
				"weight": "7"
			},
			{
				"source": "78",
				"target": "39",
				"weight": "2"
			},
			{
				"source": "78",
				"target": "2",
				"weight": "5"
			},
			{
				"source": "79",
				"target": "21",
				"weight": "1"
			},
			{
				"source": "79",
				"target": "31",
				"weight": "1"
			},
			{
				"source": "80",
				"target": "29",
				"weight": "7"
			},
			{
				"source": "80",
				"target": "61",
				"weight": "8"
			},
			{
				"source": "81",
				"target": "43",
				"weight": "4"
			},
			{
				"source": "81",
				"target": "50",
				"weight": "9"
			},
			{
				"source": "82",
				"target": "98",
				"weight": "7"
			},
			{
				"source": "82",
				"target": "2",
				"weight": "10"
			},
			{
				"source": "82",
				"target": "53",
				"weight": "7"
			},
			{
				"source": "83",
				"target": "23",
				"weight": "5"
			},
			{
				"source": "83",
				"target": "56",
				"weight": "3"
			},
			{
				"source": "83",
				"target": "86",
				"weight": "3"
			},
			{
				"source": "84",
				"target": "68",
				"weight": "10"
			},
			{
				"source": "84",
				"target": "71",
				"weight": "3"
			},
			{
				"source": "84",
				"target": "66",
				"weight": "3"
			},
			{
				"source": "85",
				"target": "16",
				"weight": "10"
			},
			{
				"source": "85",
				"target": "2",
				"weight": "5"
			},
			{
				"source": "86",
				"target": "55",
				"weight": "4"
			},
			{
				"source": "86",
				"target": "53",
				"weight": "8"
			},
			{
				"source": "86",
				"target": "31",
				"weight": "6"
			},
			{
				"source": "87",
				"target": "75",
				"weight": "1"
			},
			{
				"source": "87",
				"target": "88",
				"weight": "9"
			},
			{
				"source": "87",
				"target": "1",
				"weight": "1"
			},
			{
				"source": "88",
				"target": "83",
				"weight": "10"
			},
			{
				"source": "88",
				"target": "18",
				"weight": "9"
			},
			{
				"source": "89",
				"target": "21",
				"weight": "1"
			},
			{
				"source": "89",
				"target": "17",
				"weight": "6"
			},
			{
				"source": "89",
				"target": "49",
				"weight": "8"
			},
			{
				"source": "90",
				"target": "5",
				"weight": "4"
			},
			{
				"source": "90",
				"target": "14",
				"weight": "9"
			},
			{
				"source": "90",
				"target": "45",
				"weight": "10"
			},
			{
				"source": "91",
				"target": "20",
				"weight": "10"
			},
			{
				"source": "91",
				"target": "57",
				"weight": "9"
			},
			{
				"source": "91",
				"target": "58",
				"weight": "10"
			},
			{
				"source": "92",
				"target": "71",
				"weight": "7"
			},
			{
				"source": "92",
				"target": "61",
				"weight": "2"
			},
			{
				"source": "93",
				"target": "28",
				"weight": "1"
			},
			{
				"source": "93",
				"target": "49",
				"weight": "4"
			},
			{
				"source": "94",
				"target": "24",
				"weight": "4"
			},
			{
				"source": "94",
				"target": "38",
				"weight": "9"
			},
			{
				"source": "94",
				"target": "74",
				"weight": "5"
			},
			{
				"source": "95",
				"target": "68",
				"weight": "2"
			},
			{
				"source": "95",
				"target": "61",
				"weight": "1"
			},
			{
				"source": "96",
				"target": "94",
				"weight": "4"
			},
			{
				"source": "96",
				"target": "48",
				"weight": "8"
			},
			{
				"source": "97",
				"target": "32",
				"weight": "4"
			},
			{
				"source": "97",
				"target": "55",
				"weight": "1"
			},
			{
				"source": "97",
				"target": "69",
				"weight": "4"
			},
			{
				"source": "98",
				"target": "34",
				"weight": "8"
			},
			{
				"source": "98",
				"target": "36",
				"weight": "6"
			},
			{
				"source": "99",
				"target": "12",
				"weight": "9"
			},
			{
				"source": "99",
				"target": "54",
				"weight": "5"
			},
			{
				"source": "100",
				"target": "86",
				"weight": "6"
			},
			{
				"source": "100",
				"target": "97",
				"weight": "3"
			},
			{
				"source": "100",
				"target": "50",
				"weight": "1"
			}
		]
	}
}